"ENSEMBL","ENCFF065ZFA","ENCFF088XRL","ENCFF090JUO","ENCFF238QSB","ENCFF973CPC","SYMBOL"
"ENSG00000104490",7.46,14.7,1,2.18,2.46,"NCALD"
"ENSG00000183161",5.77,5.45,5.6,5.51,4.49,"FANCF"
"ENSG00000234753",1.46,3.5,0.72,0.64,0.64,"FOXP4-AS1"
"ENSG00000008516",0.94,2.26,0.26,0.32,0.17,"MMP25"
"ENSG00000011105",0.24,0.52,0.27,0.36,0.5,"TSPAN9"
"ENSG00000016391",0.37,0.3,0.15,0.26,0.17,"CHDH"
"ENSG00000025708",29.75,43.51,26.13,24.45,37.84,"TYMP"
"ENSG00000060069",12.54,44.42,18.27,14.63,16.39,"CTDP1"
"ENSG00000100266",13.04,12.44,11.95,9.29,10.35,"PACSIN2"
"ENSG00000103365",35.58,37.4,32.77,26.58,24.28,"GGA2"
"ENSG00000105402",26.82,30.89,41.72,35.87,39.14,"NAPA"
"ENSG00000114098",16.75,15.89,20.31,19.89,20.07,"ARMC8"
"ENSG00000121807",0.04,0.2,0.07,0.52,0.15,"CCR2"
"ENSG00000124299",8.22,9.12,22.63,20.57,20.25,"PEPD"
"ENSG00000126266",0.28,0.61,0,0,0,"FFAR1"
"ENSG00000132394",7.14,6.76,9.44,8.31,7.43,"EEFSEC"
"ENSG00000134594",9.51,10.08,4.35,4.02,4.99,"RAB33A"
"ENSG00000135953",7.43,6.22,3.05,5.61,4.89,"MFSD9"
"ENSG00000141314",0.05,0.09,0.08,0.04,0.06,"RHBDL3"
"ENSG00000141485",0.09,0,0.01,0.05,0.04,"SLC13A5"
"ENSG00000148655",0,0.35,0.04,0,0.12,"LRMDA"
"ENSG00000150990",11.96,11,34.11,32.31,31.29,"DHX37"
"ENSG00000151849",12.59,8.85,2.66,2.71,3.35,"CENPJ"
"ENSG00000158545",36.91,42.77,46.49,44.21,44.89,"ZC3H18"
"ENSG00000160791",0.12,0.61,0.49,2.72,0.81,"CCR5"
"ENSG00000163932",10.06,11.74,6.19,7.23,8.95,"PRKCD"
"ENSG00000166793",0.47,0.55,0.04,0.02,0.01,"YPEL4"
"ENSG00000172340",16.42,15.46,15.1,10.72,10.92,"SUCLG2"
"ENSG00000179241",0,0.02,0.28,0.11,0.28,"LDLRAD3"
"ENSG00000180043",0.03,0,0,0,0,"GARIN5B"
"ENSG00000183762",0.22,0.04,0.13,0.01,0.01,"KREMEN1"
"ENSG00000184363",0.49,0.07,0.16,0.06,0.04,"PKP3"
"ENSG00000196990",0,0,0,0,0,"FAM163B"
"ENSG00000224318",0,0,0,0,0,"CHL1-AS2"
"ENSG00000229970",0,0,0,0.01,0,"ENSG00000229970"
"ENSG00000241316",0.63,1.04,0.54,0.34,0.19,"SUCLG2-DT"
"ENSG00000248753",0.07,0,0,0,0,"ENSG00000248753"
"ENSG00000259065",0.84,2.6,0.11,0.1,0.05,"MIDEAS-AS1"
"ENSG00000265681",701.83,792.48,903.53,844.25,753.02,"RPL17"
"ENSG00000267278",3.72,3.16,0.53,0.27,0.7,"MAP3K14-AS1 "
"ENSG00000274874",0,0.28,0.08,0.07,0,"ENSG00000274874"
"ENSG00000082397",1.43,2.1,0.1,0.42,0.21,"EPB41L3"
"ENSG00000135636",0.32,0.71,0.1,0.33,0.06,"DYSF"
"ENSG00000135638",0.21,0.19,0,0.03,0.02,"EMX1"
"ENSG00000140259",14.35,14.74,14.78,14.04,13.96,"MFAP1"
"ENSG00000164588",0,0,0,0,0,"HCN1"
"ENSG00000185842",2.34,1.14,0.33,0.11,0.15,"DNAH14"
"ENSG00000198399",26.38,31.26,20.76,20.08,21.17,"ITSN2"
"ENSG00000233005",0.08,0,0,0,0,"ENSG00000233005"
"ENSG00000237638",0,0,0,0,0,"LINC02245"
